day,week,category,topic,hook,caption,cta,prompt
1,1,Local data,Mohave County market,Mohave County has a real bilingual market.,"Mohave County market: local businesses in Mohave County should not treat Spanish-language content like a bonus feature. It should help people feel seen, understood, and ready to take the next step.",Ask for a bilingual audit.,"Minimal Southwest editorial photo concept: a local storefront window, warm desert light, subtle bilingual signage in English and Spanish, empty space for headline, calm modern composition, not photorealistic, not corporate, brand-aligned clean lines and muted tones."
2,1,Local data,Spanish-speaking market,Mohave County has a real bilingual market.,"Spanish-speaking market: local businesses in Mohave County should not treat Spanish-language content like a bonus feature. It should help people feel seen, understood, and ready to take the next step.",Ask for a bilingual audit.,"Clean conceptual brand image: a small business counter with bilingual paperwork, a phone, and a laptop on a simple grid layout, desert-neutral palette, soft shadow, friendly local feel, designed for social ad text overlay, avoid glossy realism."
3,1,Local data,Buying power,Mohave County has a real bilingual market.,"Buying power: local businesses in Mohave County should not treat Spanish-language content like a bonus feature. It should help people feel seen, understood, and ready to take the next step.",Ask for a bilingual audit.,"Abstract editorial small-business scene: hands reviewing a website on a laptop beside printed bilingual flyers, warm off-white and charcoal palette with one small blue accent, simple composition, roomy negative space, not staged like stock photography."
4,1,Local data,Bilingual necessity,Mohave County has a real bilingual market.,"Bilingual necessity: local businesses in Mohave County should not treat Spanish-language content like a bonus feature. It should help people feel seen, understood, and ready to take the next step.",Ask for a bilingual audit.,"Brand-consistent social concept: a bilingual homepage mockup on a screen next to a local shopfront, clear typography, ruled-paper or blueprint-inspired framing, warm desert light, human-centered and understated, not highly realistic."
5,1,Local data,Conversion confidence,Mohave County has a real bilingual market.,"Conversion confidence: local businesses in Mohave County should not treat Spanish-language content like a bonus feature. It should help people feel seen, understood, and ready to take the next step.",Ask for a bilingual audit.,"Simple local-business visual: a welcoming storefront, a customer speaking with the owner, a visible bilingual sign, calm and practical mood, modern but not polished to the point of looking corporate, space for a bold short headline."
6,1,Local data,Welcome signal,Mohave County has a real bilingual market.,"Welcome signal: local businesses in Mohave County should not treat Spanish-language content like a bonus feature. It should help people feel seen, understood, and ready to take the next step.",Ask for a bilingual audit.,"Minimal concept image for a bilingual welcome message: a website header, a contact form, and a small language toggle suggested through clean design elements, warm neutral colors, modest texture, not futuristic, not photorealistic."
7,1,Local data,Accessibility plus bilingual,Mohave County has a real bilingual market.,"Accessibility plus bilingual: local businesses in Mohave County should not treat Spanish-language content like a bonus feature. It should help people feel seen, understood, and ready to take the next step.",Ask for a bilingual audit.,"Editorial brand image: accessible website elements, strong contrast, keyboard-friendly navigation cues, and a bilingual layout shown in a simple framed composition, desert-inspired palette, calm and useful rather than decorative."
8,2,Machine translation,Drafts only,Machine translation is not a public-facing strategy.,"Drafts only: machine translation is fine for drafts, but public-facing Spanish needs a human eye. If the wording feels off, the trust does too.",Request a translation review.,"Conceptual comparison image: a rough machine-translation draft on one side and a clean human-reviewed Spanish page on the other, built as a simple split layout, brand colors muted, no literal robot imagery, not photorealistic."
9,2,Machine translation,Statistical matching,Machine translation is not a public-facing strategy.,"Statistical matching: machine translation is fine for drafts, but public-facing Spanish needs a human eye. If the wording feels off, the trust does too.",Request a translation review.,"Editorial small-business image showing a text translation overlay misfitting a local website, with clean geometric framing and a subtle warning feel, warm Southwest palette, avoid drama and avoid futuristic effects."
10,2,Machine translation,False cognates,Machine translation is not a public-facing strategy.,"False cognates: machine translation is fine for drafts, but public-facing Spanish needs a human eye. If the wording feels off, the trust does too.",Request a translation review.,"Brand-style visual concept: a bilingual flyer with one phrase visibly corrected by hand, minimal desk scene, paper, pen, and laptop, natural light, quiet and practical, not stock-photo polished."
11,2,Machine translation,Awkward Spanish,Machine translation is not a public-facing strategy.,"Awkward Spanish: machine translation is fine for drafts, but public-facing Spanish needs a human eye. If the wording feels off, the trust does too.",Request a translation review.,"Simple design-led image: a website text block with obviously awkward spacing and then a cleaned version beside it, arranged like a before-and-after proof, modern editorial style, soft desert neutrals, no heavy realism."
12,2,Machine translation,Plugin shortcuts,Machine translation is not a public-facing strategy.,"Plugin shortcuts: machine translation is fine for drafts, but public-facing Spanish needs a human eye. If the wording feels off, the trust does too.",Request a translation review.,"Clean conceptual ad image: a website with a generic translation widget in the corner contrasted with a properly localized page, minimal interface framing, subtle blueprint energy, neutral palette with one accent color, not corporate."
13,2,Machine translation,Public-facing risk,Machine translation is not a public-facing strategy.,"Public-facing risk: machine translation is fine for drafts, but public-facing Spanish needs a human eye. If the wording feels off, the trust does too.",Request a translation review.,"Understated local-business concept: a legal, medical, or service website page that looks unfinished in Spanish, shown through a simple editorial composition, serious but calm, designed for readability and space for copy."
14,2,Machine translation,Professional credibility,Machine translation is not a public-facing strategy.,"Professional credibility: machine translation is fine for drafts, but public-facing Spanish needs a human eye. If the wording feels off, the trust does too.",Request a translation review.,"Brand-aligned visual: a polished bilingual homepage contrasted with a clunky translated page, shown in a simple split-panel layout with strong typography, muted tan and charcoal tones, minimal and direct."
15,3,Trust and culture,Local Spanish users,Trust is built in the details.,"Local Spanish users: bilingual content is about more than translation. It is about tone, respect, and making sure local customers feel welcome the moment they land on your site.",See how your site welcomes Spanish-speaking customers.,"Warm editorial local-business scene: a shop owner greeting a customer in a bilingual environment, with calm human expressions and subtle Spanish signage, natural light, not overly posed, brand-consistent and modest."
16,3,Trust and culture,Arizona Spanish,Trust is built in the details.,"Arizona Spanish: bilingual content is about more than translation. It is about tone, respect, and making sure local customers feel welcome the moment they land on your site.",See how your site welcomes Spanish-speaking customers.,"Conceptual culture-forward image: bilingual website copy, handwritten notes, and local Southwest visual cues arranged like a thoughtful design board, minimal texture, tasteful and human, not colorful or touristy."
17,3,Trust and culture,Intent over words,Trust is built in the details.,"Intent over words: bilingual content is about more than translation. It is about tone, respect, and making sure local customers feel welcome the moment they land on your site.",See how your site welcomes Spanish-speaking customers.,"Editorial brand graphic concept: the same message shown as literal translation and as intent-based translation, in a clean two-column layout, simple typography, warm neutral palette, calm and smart."
18,3,Trust and culture,Genuine welcome,Trust is built in the details.,"Genuine welcome: bilingual content is about more than translation. It is about tone, respect, and making sure local customers feel welcome the moment they land on your site.",See how your site welcomes Spanish-speaking customers.,"Friendly small-business concept image: a bilingual welcome banner near a storefront and website screen, soft desert sunlight, clear visual hierarchy, approachable and local, with enough empty space for ad copy."
19,3,Trust and culture,Afterthought feeling,Trust is built in the details.,"Afterthought feeling: bilingual content is about more than translation. It is about tone, respect, and making sure local customers feel welcome the moment they land on your site.",See how your site welcomes Spanish-speaking customers.,"Minimal before-and-after concept: one version of a site feels patched on, the other feels integrated and cared for, shown through simple website panels and gentle contrast, brand-safe and understated."
20,3,Trust and culture,Details build trust,Trust is built in the details.,"Details build trust: bilingual content is about more than translation. It is about tone, respect, and making sure local customers feel welcome the moment they land on your site.",See how your site welcomes Spanish-speaking customers.,"Clean local-business visual: a checkout page, contact page, and service page all shown as part of one bilingual system, simple grid layout, subdued color palette, grounded and practical."
21,3,Trust and culture,Human-reviewed respect,Trust is built in the details.,"Human-reviewed respect: bilingual content is about more than translation. It is about tone, respect, and making sure local customers feel welcome the moment they land on your site.",See how your site welcomes Spanish-speaking customers.,"Thoughtful editorial image: a bilingual website being reviewed by a person at a desk with notes and a laptop, soft light, minimal composition, no photorealistic overload, honest and community-minded."
22,4,Digital Allies standard,Human-reviewed standard,Bilingual sites should work in both languages.,"Human-reviewed standard: Digital Allies builds bilingual experiences that work like one business, not two half-finished versions of the same site.",Book a localization check.,"Brand-forward ad concept: a bilingual website draft being checked by hand against a simple style guide, clean lines, muted colors, subtle red accent, calm and trustworthy, not corporate or futuristic."
23,4,Digital Allies standard,Forms in both languages,Bilingual sites should work in both languages.,"Forms in both languages: Digital Allies builds bilingual experiences that work like one business, not two half-finished versions of the same site.",Book a localization check.,"Concept image of a bilingual contact form and booking page on one screen, simple and direct, with a local storefront in the background, warm Southwest mood, designed to carry short headline text."
24,4,Digital Allies standard,One business two languages,Bilingual sites should work in both languages.,"One business two languages: Digital Allies builds bilingual experiences that work like one business, not two half-finished versions of the same site.",Book a localization check.,"Editorial website mockup concept showing English and Spanish as two equal paths inside one clean site system, structured layout, brand-aligned neutral palette, useful and calm rather than flashy."
25,4,Digital Allies standard,Conversion and confidence,Bilingual sites should work in both languages.,"Conversion and confidence: Digital Allies builds bilingual experiences that work like one business, not two half-finished versions of the same site.",Book a localization check.,"Simple local ad image: a customer moving from a bilingual landing page to a contact button, shown through clean motion cues and minimal interface elements, modern but still grounded and human."
26,4,Digital Allies standard,Local voice in both languages,Bilingual sites should work in both languages.,"Local voice in both languages: Digital Allies builds bilingual experiences that work like one business, not two half-finished versions of the same site.",Book a localization check.,"Warm brand image: local business signage, website copy, and a bilingual service page sharing the same tone, arranged as a tidy editorial flat lay, subtle desert texture, not overly polished."
27,4,Digital Allies standard,Proper rebuild,Bilingual sites should work in both languages.,"Proper rebuild: Digital Allies builds bilingual experiences that work like one business, not two half-finished versions of the same site.",Book a localization check.,"Before-and-after concept image: an outdated bilingual site turning into a clean, easy-to-use local business website, simple split-screen composition, strong readability, soft neutral palette with one accent."
28,4,Digital Allies standard,Quietly turning away customers,Bilingual sites should work in both languages.,"Quietly turning away customers: Digital Allies builds bilingual experiences that work like one business, not two half-finished versions of the same site.",Book a localization check.,"Understated problem-solution visual: a confusing old website on one side and a clear bilingual experience on the other, clean composition, calm but persuasive, brand-friendly and not photorealistic."
29,4,Digital Allies standard,Bilingual audit,Bilingual sites should work in both languages.,"Bilingual audit: Digital Allies builds bilingual experiences that work like one business, not two half-finished versions of the same site.",Book a localization check.,"Minimal call-to-action concept: a website audit checklist beside a bilingual site preview, warm neutral background, crisp lines, practical and friendly, with clear negative space for a short CTA."
30,4,Digital Allies standard,Request a review,Bilingual sites should work in both languages.,"Request a review: Digital Allies builds bilingual experiences that work like one business, not two half-finished versions of the same site.",Book a localization check.,"Final campaign image concept: a local business owner looking at a clean bilingual website on a laptop in a simple Southwest setting, trustworthy and approachable, understated design, optimized for a strong closing message."
