Name,Areas,Author,Chatbot Ready,Completeness,Content Type,Created by,Entry Type,Keywords,Last Reviewed,Last edited,Priority,Related Knowledge,Source,Status
"Blog Post ",Blog Posts (Knowledge%20Base%20264fc742b9f781409c98eb72f2af7963/Areas%20Database%20264fc742b9f781c8b5b2e58c1d407536/Blog%20Posts%20264fc742b9f781f195adcc5587d5efef.html),Anthony Cassella,No,,,Anthony Cassella,,,,"October 16, 2025 6:47 AM",,Blog Post  (Knowledge%20Base%20264fc742b9f781409c98eb72f2af7963/Knowledge%20Database%20264fc742b9f781edb6eceb9da10abc25/Blog%20Post%20264fc742b9f78067af37eaf50564ee40.html),,New
OpenAI API Keys,Keys (Knowledge%20Base%20264fc742b9f781409c98eb72f2af7963/Areas%20Database%20264fc742b9f781c8b5b2e58c1d407536/Keys%20264fc742b9f78181adb5c8037edee175.html),Anthony Cassella,No,,,Anthony Cassella,,,,"October 16, 2025 6:47 AM",,OpenAI API Keys (Knowledge%20Base%20264fc742b9f781409c98eb72f2af7963/Knowledge%20Database%20264fc742b9f781edb6eceb9da10abc25/OpenAI%20API%20Keys%20265fc742b9f780d6a568d80e044c9841.html),https://platform.openai.com/settings/proj_GgpPcDX8vjT6tiqXhExkDjRK/api-keys,New
Claude,,,No,,,Anthony Cassella,,,,"October 16, 2025 6:47 AM",,,https://claude.ai/artifacts/my,New
Digital Allies - Technology Stack & Architecture,Digital Allies - Technical (Knowledge%20Base%20264fc742b9f781409c98eb72f2af7963/Areas%20Database%20264fc742b9f781c8b5b2e58c1d407536/Digital%20Allies%20-%20Technical%2028afc742b9f781f4905ad03919f857dc.html),Anthony Cassella,No,Complete,"Code Examples, Technical Docs",Anthony Cassella,Documentation,Development,,"October 16, 2025 6:47 AM",High,,https://github.com/cassellac/DigitalAllies_,New
Digital Allies - Accessibility Standards & Implementation,Digital Allies - Technical (Knowledge%20Base%20264fc742b9f781409c98eb72f2af7963/Areas%20Database%20264fc742b9f781c8b5b2e58c1d407536/Digital%20Allies%20-%20Technical%2028afc742b9f781f4905ad03919f857dc.html),Anthony Cassella,No,Complete,"Client-Facing, Technical Docs",Anthony Cassella,Documentation,Accessibility,,"October 16, 2025 6:47 AM",Critical,,https://digitalallies.net/accessibility-guide.html,New
Digital Allies - Core Services Overview,Digital Allies - Services (Knowledge%20Base%20264fc742b9f781409c98eb72f2af7963/Areas%20Database%20264fc742b9f781c8b5b2e58c1d407536/Digital%20Allies%20-%20Services%2028afc742b9f781fca8d6cc17c4aadaea.html),Anthony Cassella,No,Complete,"Business Info, Client-Facing",Anthony Cassella,Reference,Services,,"October 16, 2025 6:47 AM",Critical,,https://digitalallies.net/services.html,New
Digital Allies - Content Management System,,Anthony Cassella,No,,,Anthony Cassella,,,,"October 16, 2025 6:47 AM",,Digital Allies - Content Management System & Blog Workflow (Knowledge%20Base%20264fc742b9f781409c98eb72f2af7963/Knowledge%20Database%20264fc742b9f781edb6eceb9da10abc25/Digital%20Allies%20-%20Content%20Management%20System%20&%20Blog%20%2028afc742b9f7813b9184f1df15a6b3cc.html),https://github.com/cassellac/DigitalAllies_,New
Digital Allies - Content Management System & Blog Workflow,Digital Allies - Content (Knowledge%20Base%20264fc742b9f781409c98eb72f2af7963/Areas%20Database%20264fc742b9f781c8b5b2e58c1d407536/Digital%20Allies%20-%20Content%2028afc742b9f7810d8423f62fb92161eb.html),Anthony Cassella,No,Complete,"Process/Workflow, Technical Docs",Anthony Cassella,Process,CMS,"October 12, 2025 4:00 AM (MST)","October 16, 2025 6:47 AM",High,"Digital Allies - Content Management System (Knowledge%20Base%20264fc742b9f781409c98eb72f2af7963/Knowledge%20Database%20264fc742b9f781edb6eceb9da10abc25/Digital%20Allies%20-%20Content%20Management%20System%2028afc742b9f7811cb223e13655534b84.html), Digital Allies - Performance & SEO Strategy (Knowledge%20Base%20264fc742b9f781409c98eb72f2af7963/Knowledge%20Database%20264fc742b9f781edb6eceb9da10abc25/Digital%20Allies%20-%20Performance%20&%20SEO%20Strategy%2028afc742b9f781a6b9dce75534173fe5.html)",https://github.com/cassellac/DigitalAllies_,New
Digital Allies - Business Information & Contact Details,Digital Allies - Services (Knowledge%20Base%20264fc742b9f781409c98eb72f2af7963/Areas%20Database%20264fc742b9f781c8b5b2e58c1d407536/Digital%20Allies%20-%20Services%2028afc742b9f781fca8d6cc17c4aadaea.html),Anthony Cassella,No,Complete,"Business Info, Client-Facing",Anthony Cassella,Reference,Services,,"October 16, 2025 6:47 AM",Critical,,https://digitalallies.net/,New
Digital Allies - Multilingual Implementation (English/Spanish),Digital Allies - Content (Knowledge%20Base%20264fc742b9f781409c98eb72f2af7963/Areas%20Database%20264fc742b9f781c8b5b2e58c1d407536/Digital%20Allies%20-%20Content%2028afc742b9f7810d8423f62fb92161eb.html),Anthony Cassella,No,Complete,"Code Examples, Technical Docs",Anthony Cassella,Documentation,Multilingual,,"October 16, 2025 6:47 AM",High,,https://digitalallies.net/,New
Digital Allies - Repository Structure & Files,Digital Allies - Technical (Knowledge%20Base%20264fc742b9f781409c98eb72f2af7963/Areas%20Database%20264fc742b9f781c8b5b2e58c1d407536/Digital%20Allies%20-%20Technical%2028afc742b9f781f4905ad03919f857dc.html),Anthony Cassella,No,Complete,Technical Docs,Anthony Cassella,Reference,Development,,"October 16, 2025 6:47 AM",Medium,,https://github.com/cassellac/DigitalAllies_,New
Digital Allies - Performance & SEO Strategy,Digital Allies - Technical (Knowledge%20Base%20264fc742b9f781409c98eb72f2af7963/Areas%20Database%20264fc742b9f781c8b5b2e58c1d407536/Digital%20Allies%20-%20Technical%2028afc742b9f781f4905ad03919f857dc.html),Anthony Cassella,No,Complete,Technical Docs,Anthony Cassella,Documentation,"Analytics, Performance, SEO",,"October 16, 2025 6:47 AM",High,Digital Allies - Content Management System & Blog Workflow (Knowledge%20Base%20264fc742b9f781409c98eb72f2af7963/Knowledge%20Database%20264fc742b9f781edb6eceb9da10abc25/Digital%20Allies%20-%20Content%20Management%20System%20&%20Blog%20%2028afc742b9f7813b9184f1df15a6b3cc.html),https://github.com/cassellac/DigitalAllies_,New
Digital Allies - Design System & Brand Guidelines,Digital Allies - Design (Knowledge%20Base%20264fc742b9f781409c98eb72f2af7963/Areas%20Database%20264fc742b9f781c8b5b2e58c1d407536/Digital%20Allies%20-%20Design%2028afc742b9f78129b010eefb2252cec7.html),Anthony Cassella,No,Complete,Technical Docs,Anthony Cassella,Reference,Design,,"October 16, 2025 6:47 AM",High,,https://github.com/cassellac/DigitalAllies_,New